3,118,ジャンクガレッジ イオンレイクタウンmori店,https://tabelog.com/saitama/A1102/A110203/11023719/
3,137,らーめん梵&#039;s 埼大前本店,https://tabelog.com/saitama/A1101/A110101/11054208/
3,150,旨辛ラーメン表裏 高田馬場店,https://tabelog.com/tokyo/A1305/A130503/13161818/
3,224,優勝軒 柏店,https://tabelog.com/chiba/A1203/A120301/12006678/
3,271,野郎ラーメン 海浜幕張店,https://tabelog.com/chiba/A1201/A120102/12023176/
3,366,ラーメン岩佐 2号店,https://tabelog.com/kanagawa/A1407/A140702/14051780/
3,380,らーめん 油そば 牛スタ 郎郎郎 橋本店,https://tabelog.com/kanagawa/A1407/A140701/14067453/
3,388,傾奇家本舗 前田慶次朗,https://tabelog.com/ishikawa/A1701/A170101/17005352/
3,390,つけめん・らーめん活龍 水戸米沢店,https://tabelog.com/ibaraki/A0801/A080101/8017563/
3,509,ラーメン欽福 両国本店,https://tabelog.com/tokyo/A1312/A131201/13139876/
3,525,麺家 大須賀 台新店,https://tabelog.com/fukushima/A0702/A070201/7001341/
3,530,常勝軒 かすみがうら店,https://tabelog.com/ibaraki/A0802/A080202/8002031/
3,545,ガツ盛リラーメン みちる屋 松戸店,https://tabelog.com/chiba/A1203/A120302/12001170/
3,579,G麺ふじもり 三島店,https://tabelog.com/shizuoka/A2205/A220501/22021244/
3,604,らーめんぶっ豚 八王子店,https://tabelog.com/tokyo/A1329/A132904/13241471/
3,624,らーめん次郎冠者 上阿原店,https://tabelog.com/yamanashi/A1901/A190103/19007708/
3,686,沖縄そば すばじらぁ 那覇店,https://tabelog.com/okinawa/A4701/A470101/47012670/
3,735,ラーメン極 東浦店,https://tabelog.com/aichi/A2304/A230402/23056510/
3,755,東葛MARUKAKU 南柏店,https://tabelog.com/chiba/A1203/A120301/12020505/
3,805,麺闘志。 岐阜芥見店,https://tabelog.com/gifu/A2102/A210204/21019552/
3,808,麺屋 鼓舞士,https://tabelog.com/nagano/A2006/A200601/20017902/
3,855,ラーメン どかいち 福山曙店,https://tabelog.com/hiroshima/A3403/A340304/34016091/
3,864,麺屋 敬 萩山駅前店,https://tabelog.com/tokyo/A1328/A132806/13263220/
3,882,鉄板焼 こじろう(526),https://tabelog.com/tokyo/A1311/A131102/13211821/
3,891,からあげ・焼鳥・ラーメン チキン野郎,https://tabelog.com/kanagawa/A1407/A140701/14054878/
3,913,YADOMEN ～宿麺～,https://tabelog.com/tochigi/A0902/A090201/9017459/
3,917,樂麵屋 西門店,https://tabelog.com/taiwan/A5403/A540305/54000162/dtlrvwlst/B126464744/
3,929,らーめんABURA坊,https://tabelog.com/kanagawa/A1406/A140601/14072094/
3,952,Ramen ENO the Thu Duc branch,https://tabelog.com/vietnam/A8101/A810116/81001533/
3,976,麺場 きせき トンロー本店,https://tabelog.com/thailand/A5601/A560115/56001004/
3,989,激盛ラーメン ゴリラ屋,https://tabelog.com/fukui/A1801/A180101/18005753/
