3,118,ジャンクガレッジ イオンレイクタウンmori店
3,137,らーめん梵&#039;s 埼大前本店
3,150,旨辛ラーメン表裏 高田馬場店
3,224,優勝軒 柏店
3,271,野郎ラーメン 海浜幕張店
3,366,ラーメン岩佐 2号店
3,380,らーめん 油そば 牛スタ 郎郎郎 橋本店
3,388,傾奇家本舗 前田慶次朗
3,390,つけめん・らーめん活龍 水戸米沢店
3,509,ラーメン欽福 両国本店
3,525,麺家 大須賀 台新店
3,530,常勝軒 かすみがうら店
3,545,ガツ盛リラーメン みちる屋 松戸店
3,579,G麺ふじもり 三島店
3,604,らーめんぶっ豚 八王子店
3,624,らーめん次郎冠者 上阿原店
3,686,沖縄そば すばじらぁ 那覇店
3,727,麺処morimori 新橋店
3,735,ラーメン極 東浦店
3,755,東葛MARUKAKU 南柏店
3,805,麺闘志。 岐阜芥見店
3,808,麺屋 鼓舞士
3,855,ラーメン どかいち 福山曙店
3,864,麺屋 敬 萩山駅前店
3,882,鉄板焼 こじろう(526)
3,891,からあげ・焼鳥・ラーメン チキン野郎
3,913,YADOMEN ～宿麺～
3,917,樂麵屋 西門店
3,924,らーめん居酒屋 舟唄
3,929,らーめんABURA坊
3,934,ジャンクガレッジ キッチンカー
3,952,Ramen ENO the Thu Duc branch
3,976,麺場 きせき トンロー本店
3,989,激盛ラーメン ゴリラ屋
